<?xml version="1.0" encoding="UTF-8"?>
<xmi:XMI xmi:version="20131001" xmlns:xmi="http://www.omg.org/spec/XMI/20131001" xmlns:xsi="http://www.w3.org/2001/XMLSchema-instance" xmlns:UMLFairness="http://koblenz.de/umlfair/2020/1.0" xmlns:ecore="http://www.eclipse.org/emf/2002/Ecore" xmlns:uml="http://www.eclipse.org/uml2/5.0.0/UML" xsi:schemaLocation="http://koblenz.de/umlfair/2020/1.0 ../UMLFairness/model.profile.uml#_34Z2UL1SEemhV-rmp0ri8g">
  <uml:Model xmi:id="_WoMLsGhUEemzivOVBVTQnA" name="banking">
    <packagedElement xmi:type="uml:Package" xmi:id="_Y78-EGhUEemzivOVBVTQnA" name="signals">
      <packagedElement xmi:type="uml:Signal" xmi:id="_IS32gGhVEemzivOVBVTQnA" name="verifiedCreditCardApp"/>
      <packagedElement xmi:type="uml:Signal" xmi:id="_LFDqQGhVEemzivOVBVTQnA" name="verifiedFreeAccountApp"/>
      <packagedElement xmi:type="uml:Signal" xmi:id="_5Rkw0GhwEemzivOVBVTQnA" name="done"/>
      <packagedElement xmi:type="uml:Signal" xmi:id="_fSqv8Gn-EemWJdTkdx1Byw" name="verifiedPensionInsApp"/>
      <packagedElement xmi:type="uml:Signal" xmi:id="_J1K9EG1LEeq-ytI2pHwJIg" name="verifiedLifeInsApp"/>
    </packagedElement>
    <packagedElement xmi:type="uml:Package" xmi:id="_as9BoGhUEemzivOVBVTQnA" name="events">
      <packagedElement xmi:type="uml:CallEvent" xmi:id="_KIxCUGhvEemzivOVBVTQnA" name="verifyLifeInsApp()" operation="_fujZQG1NEeq-ytI2pHwJIg"/>
      <packagedElement xmi:type="uml:CallEvent" xmi:id="_-AcwMGhvEemzivOVBVTQnA" name="verifyFreeAccountApp()" operation="_Uf1eEG1NEeq-ytI2pHwJIg"/>
      <packagedElement xmi:type="uml:SignalEvent" xmi:id="__XUAAGhwEemzivOVBVTQnA" name="done" signal="_5Rkw0GhwEemzivOVBVTQnA"/>
      <packagedElement xmi:type="uml:SignalEvent" xmi:id="_ExFncGh5EemzivOVBVTQnA" name="verifiedCreditCardApp" signal="_IS32gGhVEemzivOVBVTQnA"/>
      <packagedElement xmi:type="uml:SignalEvent" xmi:id="_MIZzQGh5EemzivOVBVTQnA" name="verifiedPensionInsApp" signal="_fSqv8Gn-EemWJdTkdx1Byw"/>
      <packagedElement xmi:type="uml:SignalEvent" xmi:id="_VJUbwG1UEeq-ytI2pHwJIg" name="verifiedLifeInsApp" signal="_J1K9EG1LEeq-ytI2pHwJIg"/>
      <packagedElement xmi:type="uml:SignalEvent" xmi:id="_qxWesG1VEeq-ytI2pHwJIg" name="verifiedFreeAccountApp" signal="_LFDqQGhVEemzivOVBVTQnA"/>
      <packagedElement xmi:type="uml:CallEvent" xmi:id="_K60jQG1bEeq-ytI2pHwJIg" name="verifyPensionInsApp()" operation="_mka-4GhUEemzivOVBVTQnA"/>
      <packagedElement xmi:type="uml:CallEvent" xmi:id="_awzvEG1cEeq-ytI2pHwJIg" name="verifyCreditCardApp()" operation="_n2C-0GhUEemzivOVBVTQnA"/>
    </packagedElement>
    <packagedElement xmi:type="uml:Package" xmi:id="_cmwb4GhUEemzivOVBVTQnA" name="dataTypes">
      <packagedElement xmi:type="uml:DataType" xmi:id="_2v02gGhUEemzivOVBVTQnA" name="boolean"/>
      <packagedElement xmi:type="uml:DataType" xmi:id="_9DhCIGhUEemzivOVBVTQnA" name="int"/>
    </packagedElement>
    <packagedElement xmi:type="uml:Class" xmi:id="_fDKz8GhUEemzivOVBVTQnA" name="CustomerProfile" classifierBehavior="_F2VGIGhWEemzivOVBVTQnA">
      <ownedAttribute xmi:type="uml:Property" xmi:id="_rV9bQGhUEemzivOVBVTQnA" name="age" isStatic="true" type="_9DhCIGhUEemzivOVBVTQnA"/>
      <ownedAttribute xmi:type="uml:Property" xmi:id="_spyaoGhUEemzivOVBVTQnA" name="healthy" isStatic="true" type="_2v02gGhUEemzivOVBVTQnA"/>
      <ownedAttribute xmi:type="uml:Property" xmi:id="_v37KkGhUEemzivOVBVTQnA" name="ownPoints" isStatic="true" type="_9DhCIGhUEemzivOVBVTQnA" isDerived="true">
        <defaultValue xmi:type="uml:LiteralInteger" xmi:id="_UFlvAHBKEemyeskW2V54JA" name="0"/>
      </ownedAttribute>
      <ownedAttribute xmi:type="uml:Property" xmi:id="_Mr1a0GhVEemzivOVBVTQnA" name="cust" type="_gbTrkGhUEemzivOVBVTQnA" association="_MrsQ4GhVEemzivOVBVTQnA"/>
      <ownedAttribute xmi:type="uml:Property" xmi:id="_AgThAGh0EemzivOVBVTQnA" name="hasPensionInsurance" isStatic="true" type="_2v02gGhUEemzivOVBVTQnA" isDerived="true">
        <qualifier xmi:type="uml:Property" xmi:id="_HEmk0G1JEeq-ytI2pHwJIg" name="hasHealthInsurance" isStatic="true" type="_2v02gGhUEemzivOVBVTQnA" isDerived="true">
          <defaultValue xmi:type="uml:LiteralBoolean" xmi:id="_HEmk0W1JEeq-ytI2pHwJIg" name="false"/>
        </qualifier>
        <defaultValue xmi:type="uml:LiteralBoolean" xmi:id="_ZYTl0HBKEemyeskW2V54JA" name="false"/>
      </ownedAttribute>
      <ownedAttribute xmi:type="uml:Property" xmi:id="_6lZtEJYLEemAN_xv6GHBmA" name="hasLifeInsurance" isStatic="true" type="_2v02gGhUEemzivOVBVTQnA" isDerived="true"/>
      <ownedAttribute xmi:type="uml:Property" xmi:id="_TtOGEJYMEemAN_xv6GHBmA" name="hasFreeAccount" isStatic="true" type="_2v02gGhUEemzivOVBVTQnA" isDerived="true"/>
      <ownedAttribute xmi:type="uml:Property" xmi:id="_kH8BEG1dEeq-ytI2pHwJIg" name="hasCreditCard" isStatic="true" type="_2v02gGhUEemzivOVBVTQnA" isDerived="true"/>
      <ownedAttribute xmi:type="uml:Property" xmi:id="_au-6gHM4EeqSX7JaDZ7Cig" name="goodCreditHistory" isStatic="true" type="_2v02gGhUEemzivOVBVTQnA"/>
      <ownedAttribute xmi:type="uml:Property" xmi:id="_ALfoIHQREeqSX7JaDZ7Cig" name="income" isStatic="true" type="_9DhCIGhUEemzivOVBVTQnA"/>
      <ownedBehavior xmi:type="uml:StateMachine" xmi:id="_F2VGIGhWEemzivOVBVTQnA" name="CustomerProfileBehavior">
        <region xmi:type="uml:Region" xmi:id="_C0OxoGhXEemzivOVBVTQnA" name="Region1">
          <transition xmi:type="uml:Transition" xmi:id="_SYrjsGhnEemzivOVBVTQnA" source="_HR1lYGhXEemzivOVBVTQnA" target="_o-rMEGhaEemzivOVBVTQnA"/>
          <transition xmi:type="uml:Transition" xmi:id="_VMM0MGhnEemzivOVBVTQnA" source="_o-rMEGhaEemzivOVBVTQnA" target="_9C2W8GhYEemzivOVBVTQnA">
            <trigger xmi:type="uml:Trigger" xmi:id="_AF9OsGhxEemzivOVBVTQnA" name="done" event="__XUAAGhwEemzivOVBVTQnA"/>
          </transition>
          <transition xmi:type="uml:Transition" xmi:id="_WyTnoGhtEemzivOVBVTQnA" source="_o-rMEGhaEemzivOVBVTQnA" target="_rj_ogGhaEemzivOVBVTQnA">
            <trigger xmi:type="uml:Trigger" xmi:id="_KmzCIGhvEemzivOVBVTQnA" name="verifyLifeInsApp()" event="_KIxCUGhvEemzivOVBVTQnA"/>
          </transition>
          <transition xmi:type="uml:Transition" xmi:id="_ZFNeYGhtEemzivOVBVTQnA" source="_rj_ogGhaEemzivOVBVTQnA" target="_o-rMEGhaEemzivOVBVTQnA">
            <effect xmi:type="uml:OpaqueBehavior" xmi:id="_fcoMEGhwEemzivOVBVTQnA" name="cust.verifiedLifeInsApp">
              <language>Java</language>
              <body>cust.verifiedLifeInsApp</body>
            </effect>
          </transition>
          <transition xmi:type="uml:Transition" xmi:id="_c6d4sGhtEemzivOVBVTQnA" source="_o-rMEGhaEemzivOVBVTQnA" target="_GrwJ4GhkEemzivOVBVTQnA">
            <trigger xmi:type="uml:Trigger" xmi:id="_-cP7YGhvEemzivOVBVTQnA" name="verifyFreeAccountApp()" event="_-AcwMGhvEemzivOVBVTQnA"/>
          </transition>
          <transition xmi:type="uml:Transition" xmi:id="_gHbj8GhtEemzivOVBVTQnA" source="_GrwJ4GhkEemzivOVBVTQnA" target="_o-rMEGhaEemzivOVBVTQnA">
            <effect xmi:type="uml:OpaqueBehavior" xmi:id="_kdJfoGhwEemzivOVBVTQnA" name="cust.verifiedFreeAccountApp">
              <language>Java</language>
              <body>cust.verifiedFreeAccountApp</body>
            </effect>
          </transition>
          <transition xmi:type="uml:Transition" xmi:id="_C56n4G1bEeq-ytI2pHwJIg" source="_o-rMEGhaEemzivOVBVTQnA" target="_KFJU8G1aEeq-ytI2pHwJIg">
            <trigger xmi:type="uml:Trigger" xmi:id="_Lc3gYG1bEeq-ytI2pHwJIg" name="verifyPensionInsApp()" event="_K60jQG1bEeq-ytI2pHwJIg"/>
          </transition>
          <transition xmi:type="uml:Transition" xmi:id="_SRtRQG1bEeq-ytI2pHwJIg" source="_KFJU8G1aEeq-ytI2pHwJIg" target="_o-rMEGhaEemzivOVBVTQnA">
            <effect xmi:type="uml:OpaqueBehavior" xmi:id="_XYxRsG1bEeq-ytI2pHwJIg" name="cust.verifiedPensionInsApp">
              <language>JAVA</language>
              <body>cust.verifiedPensionInsApp</body>
            </effect>
          </transition>
          <transition xmi:type="uml:Transition" xmi:id="_S2KMsG1cEeq-ytI2pHwJIg" source="_o-rMEGhaEemzivOVBVTQnA" target="_eGGsYG1bEeq-ytI2pHwJIg">
            <trigger xmi:type="uml:Trigger" xmi:id="_bJy20G1cEeq-ytI2pHwJIg" name="verifyCreditCardApp()" event="_awzvEG1cEeq-ytI2pHwJIg"/>
          </transition>
          <transition xmi:type="uml:Transition" xmi:id="_ftMJgG1cEeq-ytI2pHwJIg" source="_eGGsYG1bEeq-ytI2pHwJIg" target="_o-rMEGhaEemzivOVBVTQnA">
            <effect xmi:type="uml:OpaqueBehavior" xmi:id="_lL5N4G1cEeq-ytI2pHwJIg" name="cust.verifiedCreditCardApp">
              <language>JAVA</language>
              <body>cust.verifiedCreditCardApp</body>
            </effect>
          </transition>
          <subvertex xmi:type="uml:Pseudostate" xmi:id="_HR1lYGhXEemzivOVBVTQnA" name="Start2"/>
          <subvertex xmi:type="uml:FinalState" xmi:id="_9C2W8GhYEemzivOVBVTQnA" name="End2"/>
          <subvertex xmi:type="uml:State" xmi:id="_o-rMEGhaEemzivOVBVTQnA" name="Idle"/>
          <subvertex xmi:type="uml:State" xmi:id="_rj_ogGhaEemzivOVBVTQnA" name="VerifyingLifeInsuranceApplication">
            <region xmi:type="uml:Region" xmi:id="_z6XdkGhaEemzivOVBVTQnA" name="Region1">
              <transition xmi:type="uml:Transition" xmi:id="_MtW_oGhnEemzivOVBVTQnA" source="_z6ZSwGhaEemzivOVBVTQnA" target="_2Ip6EGhaEemzivOVBVTQnA"/>
              <transition xmi:type="uml:Transition" xmi:id="_NfBGEGhnEemzivOVBVTQnA" guard="_QOMysGhzEemzivOVBVTQnA" source="_2Ip6EGhaEemzivOVBVTQnA" target="_TDf0kGhiEemzivOVBVTQnA">
                <ownedRule xmi:type="uml:Constraint" xmi:id="_QOMysGhzEemzivOVBVTQnA" name="healthy==true">
                  <specification xmi:type="uml:OpaqueExpression" xmi:id="_QOMysWhzEemzivOVBVTQnA" name="healthy==true">
                    <language>Java</language>
                    <body>healthy==true</body>
                  </specification>
                </ownedRule>
                <effect xmi:type="uml:OpaqueBehavior" xmi:id="_15vK8GhzEemzivOVBVTQnA" name="hasLifeInsurance=true; ownPoints=ownPoints+35">
                  <language>Java</language>
                  <body>hasLifeInsurance=true; ownPoints=ownPoints+35</body>
                </effect>
              </transition>
              <transition xmi:type="uml:Transition" xmi:id="_Ocs2UGhnEemzivOVBVTQnA" guard="_XsDrYGhzEemzivOVBVTQnA" source="_2Ip6EGhaEemzivOVBVTQnA" target="_XlKzgGhjEemzivOVBVTQnA">
                <ownedRule xmi:type="uml:Constraint" xmi:id="_XsDrYGhzEemzivOVBVTQnA" name="else">
                  <specification xmi:type="uml:OpaqueExpression" xmi:id="_XsDrYWhzEemzivOVBVTQnA" name="else">
                    <language>Java</language>
                    <body>else</body>
                  </specification>
                </ownedRule>
              </transition>
              <transition xmi:type="uml:Transition" xmi:id="_PGokIGhnEemzivOVBVTQnA" source="_TDf0kGhiEemzivOVBVTQnA" target="_XlKzgGhjEemzivOVBVTQnA"/>
              <subvertex xmi:type="uml:Pseudostate" xmi:id="_z6ZSwGhaEemzivOVBVTQnA" name="Start2-1"/>
              <subvertex xmi:type="uml:State" xmi:id="_2Ip6EGhaEemzivOVBVTQnA" name="VerifyLifeInsApp"/>
              <subvertex xmi:type="uml:State" xmi:id="_TDf0kGhiEemzivOVBVTQnA" name="AcceptedLifeInsApp"/>
              <subvertex xmi:type="uml:FinalState" xmi:id="_XlKzgGhjEemzivOVBVTQnA" name="End2-1"/>
            </region>
          </subvertex>
          <subvertex xmi:type="uml:State" xmi:id="_GrwJ4GhkEemzivOVBVTQnA" name="VerifyingFreeAccountApplication">
            <region xmi:type="uml:Region" xmi:id="_OhU_AmhkEemzivOVBVTQnA" name="Region1">
              <transition xmi:type="uml:Transition" xmi:id="_IHxUkGhnEemzivOVBVTQnA" source="_OhW0MGhkEemzivOVBVTQnA" target="_RBnKcGhkEemzivOVBVTQnA"/>
              <transition xmi:type="uml:Transition" xmi:id="_JEnXUGhnEemzivOVBVTQnA" guard="_oZM-IGhzEemzivOVBVTQnA" source="_RBnKcGhkEemzivOVBVTQnA" target="_T3S-IGhkEemzivOVBVTQnA">
                <ownedRule xmi:type="uml:Constraint" xmi:id="_oZM-IGhzEemzivOVBVTQnA" name="goodCreditHistory==true &amp;&amp; ownPoints>=70">
                  <specification xmi:type="uml:OpaqueExpression" xmi:id="_oZM-IWhzEemzivOVBVTQnA" name="goodCreditHistory==true &amp;&amp; ownPoints>=70">
                    <language>Java</language>
                    <body>goodCreditHistory==true &amp;&amp; ownPoints>=70</body>
                  </specification>
                </ownedRule>
                <effect xmi:type="uml:OpaqueBehavior" xmi:id="_7dYZsGhzEemzivOVBVTQnA" name="hasFreeAccount=true">
                  <language>Java</language>
                  <body>hasFreeAccount=true</body>
                </effect>
              </transition>
              <transition xmi:type="uml:Transition" xmi:id="_J2RdwGhnEemzivOVBVTQnA" guard="_uT-TcGhzEemzivOVBVTQnA" source="_RBnKcGhkEemzivOVBVTQnA" target="_ZakZcGhkEemzivOVBVTQnA">
                <ownedRule xmi:type="uml:Constraint" xmi:id="_uT-TcGhzEemzivOVBVTQnA" name="else">
                  <specification xmi:type="uml:OpaqueExpression" xmi:id="_uT-TcWhzEemzivOVBVTQnA" name="else">
                    <language>Java</language>
                    <body>else</body>
                  </specification>
                </ownedRule>
              </transition>
              <transition xmi:type="uml:Transition" xmi:id="_KtqYwGhnEemzivOVBVTQnA" source="_T3S-IGhkEemzivOVBVTQnA" target="_ZakZcGhkEemzivOVBVTQnA"/>
              <subvertex xmi:type="uml:Pseudostate" xmi:id="_OhW0MGhkEemzivOVBVTQnA" name="Start2-2"/>
              <subvertex xmi:type="uml:State" xmi:id="_RBnKcGhkEemzivOVBVTQnA" name="VerifyFreeAccountApp"/>
              <subvertex xmi:type="uml:State" xmi:id="_T3S-IGhkEemzivOVBVTQnA" name="AcceptedFreeAccountApp"/>
              <subvertex xmi:type="uml:FinalState" xmi:id="_ZakZcGhkEemzivOVBVTQnA" name="End2-2"/>
            </region>
          </subvertex>
          <subvertex xmi:type="uml:State" xmi:id="_KFJU8G1aEeq-ytI2pHwJIg" name="VerifyingPensionInsuranceApplication">
            <region xmi:type="uml:Region" xmi:id="_Lx6_0m1aEeq-ytI2pHwJIg" name="Region1">
              <transition xmi:type="uml:Transition" xmi:id="_3rdycG1aEeq-ytI2pHwJIg" source="_Lx8N9m1aEeq-ytI2pHwJIg" target="_f4qEkG1aEeq-ytI2pHwJIg"/>
              <transition xmi:type="uml:Transition" xmi:id="_4cUnoG1aEeq-ytI2pHwJIg" source="_f4qEkG1aEeq-ytI2pHwJIg" target="_w9oogG1aEeq-ytI2pHwJIg">
                <effect xmi:type="uml:OpaqueBehavior" xmi:id="_-xI0oG1aEeq-ytI2pHwJIg" name="hasPensionInsurance=true; ownPoints=ownPoints+30">
                  <language>JAVA</language>
                  <body>hasPensionInsurance=true; ownPoints=ownPoints+30</body>
                </effect>
              </transition>
              <transition xmi:type="uml:Transition" xmi:id="_xu968HNREeqSX7JaDZ7Cig" source="_w9oogG1aEeq-ytI2pHwJIg" target="_0ngSMG1aEeq-ytI2pHwJIg"/>
              <subvertex xmi:type="uml:Pseudostate" xmi:id="_Lx8N9m1aEeq-ytI2pHwJIg" name="Start2-3"/>
              <subvertex xmi:type="uml:State" xmi:id="_f4qEkG1aEeq-ytI2pHwJIg" name="VerifyPensionInsApp"/>
              <subvertex xmi:type="uml:State" xmi:id="_w9oogG1aEeq-ytI2pHwJIg" name="AcceptedPensionInsApp"/>
              <subvertex xmi:type="uml:FinalState" xmi:id="_0ngSMG1aEeq-ytI2pHwJIg" name="End2-3"/>
            </region>
          </subvertex>
          <subvertex xmi:type="uml:State" xmi:id="_eGGsYG1bEeq-ytI2pHwJIg" name="VerifyingCreditCardApplication">
            <region xmi:type="uml:Region" xmi:id="_gZpcUG1bEeq-ytI2pHwJIg" name="Region1">
              <transition xmi:type="uml:Transition" xmi:id="_KP46cG1cEeq-ytI2pHwJIg" source="_gZqDZW1bEeq-ytI2pHwJIg" target="_-1qS0G1bEeq-ytI2pHwJIg"/>
              <transition xmi:type="uml:Transition" xmi:id="_MdL4cG1cEeq-ytI2pHwJIg" guard="_26uAUHQQEeqSX7JaDZ7Cig" source="_-1qS0G1bEeq-ytI2pHwJIg" target="_EdGccG1cEeq-ytI2pHwJIg">
                <ownedRule xmi:type="uml:Constraint" xmi:id="_5QRFsG1dEeq-ytI2pHwJIg" name="goodCreditHistory==true">
                  <specification xmi:type="uml:OpaqueExpression" xmi:id="_5QRFsW1dEeq-ytI2pHwJIg" name="goodCreditHistory==true">
                    <language>JAVA</language>
                    <body>goodCreditHistory==true</body>
                  </specification>
                </ownedRule>
                <ownedRule xmi:type="uml:Constraint" xmi:id="_26uAUHQQEeqSX7JaDZ7Cig" name="income>=2000">
                  <specification xmi:type="uml:OpaqueExpression" xmi:id="_26uAUXQQEeqSX7JaDZ7Cig" name="income>=2000">
                    <language>JAVA</language>
                    <body>income>=2000</body>
                  </specification>
                </ownedRule>
                <effect xmi:type="uml:OpaqueBehavior" xmi:id="_rR3GkG1cEeq-ytI2pHwJIg" name="hasCreditCard=true; ownPoints=ownPoints+35">
                  <language>JAVA</language>
                  <body>hasCreditCard=true; ownPoints=ownPoints+35</body>
                </effect>
              </transition>
              <transition xmi:type="uml:Transition" xmi:id="_NZYa8G1cEeq-ytI2pHwJIg" source="_EdGccG1cEeq-ytI2pHwJIg" target="_IaCzIG1cEeq-ytI2pHwJIg"/>
              <transition xmi:type="uml:Transition" xmi:id="_gr1G0HQREeqSX7JaDZ7Cig" guard="_p6hD8HQREeqSX7JaDZ7Cig" source="_-1qS0G1bEeq-ytI2pHwJIg" target="_IaCzIG1cEeq-ytI2pHwJIg">
                <ownedRule xmi:type="uml:Constraint" xmi:id="_p6hD8HQREeqSX7JaDZ7Cig" name="else">
                  <specification xmi:type="uml:OpaqueExpression" xmi:id="_p6hD8XQREeqSX7JaDZ7Cig" name="else">
                    <language>JAVA</language>
                    <body>else</body>
                  </specification>
                </ownedRule>
              </transition>
              <subvertex xmi:type="uml:Pseudostate" xmi:id="_gZqDZW1bEeq-ytI2pHwJIg" name="Start2-4"/>
              <subvertex xmi:type="uml:State" xmi:id="_-1qS0G1bEeq-ytI2pHwJIg" name="VerifyCreditCardApp"/>
              <subvertex xmi:type="uml:State" xmi:id="_EdGccG1cEeq-ytI2pHwJIg" name="AcceptedCreditCardApp"/>
              <subvertex xmi:type="uml:FinalState" xmi:id="_IaCzIG1cEeq-ytI2pHwJIg" name="End2-4"/>
            </region>
          </subvertex>
        </region>
      </ownedBehavior>
      <ownedOperation xmi:type="uml:Operation" xmi:id="_mka-4GhUEemzivOVBVTQnA" name="verifyPensionInsApp"/>
      <ownedOperation xmi:type="uml:Operation" xmi:id="_n2C-0GhUEemzivOVBVTQnA" name="verifyCreditCardApp"/>
      <ownedOperation xmi:type="uml:Operation" xmi:id="_Uf1eEG1NEeq-ytI2pHwJIg" name="verifyFreeAccountApp"/>
      <ownedOperation xmi:type="uml:Operation" xmi:id="_fujZQG1NEeq-ytI2pHwJIg" name="verifyLifeInsApp"/>
      <ownedReception xmi:type="uml:Reception" xmi:id="_2NLLsGhwEemzivOVBVTQnA" name="done" signal="_5Rkw0GhwEemzivOVBVTQnA"/>
    </packagedElement>
    <packagedElement xmi:type="uml:Class" xmi:id="_gbTrkGhUEemzivOVBVTQnA" name="Customer" classifierBehavior="_QIUzAGhZEemzivOVBVTQnA">
      <ownedAttribute xmi:type="uml:Property" xmi:id="_Mr2B4GhVEemzivOVBVTQnA" name="custProf" type="_fDKz8GhUEemzivOVBVTQnA" association="_MrsQ4GhVEemzivOVBVTQnA">
        <lowerValue xmi:type="uml:LiteralInteger" xmi:id="_hbI0sGzlEemKyMaTIZOcnA" value="1"/>
        <upperValue xmi:type="uml:LiteralUnlimitedNatural" xmi:id="_hbPiYGzlEemKyMaTIZOcnA" value="1"/>
      </ownedAttribute>
      <ownedAttribute xmi:type="uml:Property" xmi:id="_Fks2sGhuEemzivOVBVTQnA" name="applyForPensionInsurance" isStatic="true" type="_2v02gGhUEemzivOVBVTQnA"/>
      <ownedAttribute xmi:type="uml:Property" xmi:id="_IZjj8GhuEemzivOVBVTQnA" name="applyForLifeInsurance" isStatic="true" type="_2v02gGhUEemzivOVBVTQnA"/>
      <ownedAttribute xmi:type="uml:Property" xmi:id="_jCN0UG1LEeq-ytI2pHwJIg" name="applyForFreeAccount" isStatic="true" type="_2v02gGhUEemzivOVBVTQnA"/>
      <ownedAttribute xmi:type="uml:Property" xmi:id="_6LSosG1LEeq-ytI2pHwJIg" name="applyForCreditCard" isStatic="true" type="_2v02gGhUEemzivOVBVTQnA"/>
      <ownedBehavior xmi:type="uml:StateMachine" xmi:id="_QIUzAGhZEemzivOVBVTQnA" name="CustomerActions">
        <region xmi:type="uml:Region" xmi:id="_SYCy4GhZEemzivOVBVTQnA" name="Region1">
          <transition xmi:type="uml:Transition" xmi:id="_XKKVsGhnEemzivOVBVTQnA" source="_UkDXcGhZEemzivOVBVTQnA" target="_C-VogGhaEemzivOVBVTQnA"/>
          <transition xmi:type="uml:Transition" xmi:id="__rOLwGh2EemzivOVBVTQnA" source="_C-VogGhaEemzivOVBVTQnA" target="_UBeIoGh2EemzivOVBVTQnA"/>
          <transition xmi:type="uml:Transition" xmi:id="_AGbEkGh4EemzivOVBVTQnA" source="_UBeIoGh2EemzivOVBVTQnA" target="_lu5fkGhpEemzivOVBVTQnA">
            <effect xmi:type="uml:OpaqueBehavior" xmi:id="_WNa7cGh5EemzivOVBVTQnA" name="custProf.done">
              <language>Java</language>
              <body>custProf.done</body>
            </effect>
          </transition>
          <subvertex xmi:type="uml:Pseudostate" xmi:id="_UkDXcGhZEemzivOVBVTQnA" name="Start1"/>
          <subvertex xmi:type="uml:State" xmi:id="_C-VogGhaEemzivOVBVTQnA" name="ChoiceEntry"/>
          <subvertex xmi:type="uml:FinalState" xmi:id="_lu5fkGhpEemzivOVBVTQnA" name="End1"/>
          <subvertex xmi:type="uml:State" xmi:id="_UBeIoGh2EemzivOVBVTQnA" name="SendApplicationStateMachine">
            <region xmi:type="uml:Region" xmi:id="_a7MZgmh2EemzivOVBVTQnA" name="Region1">
              <transition xmi:type="uml:Transition" xmi:id="_SW_uYGh3EemzivOVBVTQnA" source="_FCaS4Gh3EemzivOVBVTQnA" target="_fsmTAGh2EemzivOVBVTQnA"/>
              <transition xmi:type="uml:Transition" xmi:id="_TlAZoGh3EemzivOVBVTQnA" guard="_LVPGYGh4EemzivOVBVTQnA" source="_fsmTAGh2EemzivOVBVTQnA" target="_spbV0Gh2EemzivOVBVTQnA">
                <ownedRule xmi:type="uml:Constraint" xmi:id="_LVPGYGh4EemzivOVBVTQnA" name="applyForCreditCard==true">
                  <specification xmi:type="uml:OpaqueExpression" xmi:id="_LVPGYWh4EemzivOVBVTQnA" name="applyForCreditCard==true">
                    <language>Java</language>
                    <body>applyForCreditCard==true</body>
                  </specification>
                </ownedRule>
                <effect xmi:type="uml:OpaqueBehavior" xmi:id="_bWH6oGh5EemzivOVBVTQnA" name="custProf.verifyCreditCardApp()">
                  <language>Java</language>
                  <body>custProf.verifyCreditCardApp()</body>
                </effect>
              </transition>
              <transition xmi:type="uml:Transition" xmi:id="_VK8csGh3EemzivOVBVTQnA" source="_spbV0Gh2EemzivOVBVTQnA" target="_vcmBAGh2EemzivOVBVTQnA">
                <trigger xmi:type="uml:Trigger" xmi:id="_FN6GUGh5EemzivOVBVTQnA" name="verifiedCreditCardApp" event="_ExFncGh5EemzivOVBVTQnA"/>
              </transition>
              <transition xmi:type="uml:Transition" xmi:id="_WNYKEGh3EemzivOVBVTQnA" source="_vcmBAGh2EemzivOVBVTQnA" target="_GapRIGh3EemzivOVBVTQnA"/>
              <transition xmi:type="uml:Transition" xmi:id="_Xt5hoGh3EemzivOVBVTQnA" guard="_dPcpMGh4EemzivOVBVTQnA" source="_fsmTAGh2EemzivOVBVTQnA" target="_GapRIGh3EemzivOVBVTQnA">
                <ownedRule xmi:type="uml:Constraint" xmi:id="_dPcpMGh4EemzivOVBVTQnA" name="applyForCreditCard==false">
                  <specification xmi:type="uml:OpaqueExpression" xmi:id="_dPcpMWh4EemzivOVBVTQnA" name="applyForCreditCard==false">
                    <language>Java</language>
                    <body>applyForCreditCard==false</body>
                  </specification>
                </ownedRule>
              </transition>
              <subvertex xmi:type="uml:Pseudostate" xmi:id="_fsmTAGh2EemzivOVBVTQnA" name="Choice1" kind="choice"/>
              <subvertex xmi:type="uml:State" xmi:id="_spbV0Gh2EemzivOVBVTQnA" name="CreditCardAppSent"/>
              <subvertex xmi:type="uml:State" xmi:id="_vcmBAGh2EemzivOVBVTQnA" name="CreditCardAppVerified"/>
              <subvertex xmi:type="uml:Pseudostate" xmi:id="_FCaS4Gh3EemzivOVBVTQnA" name="Start1-1"/>
              <subvertex xmi:type="uml:FinalState" xmi:id="_GapRIGh3EemzivOVBVTQnA" name="End1-1"/>
            </region>
            <region xmi:type="uml:Region" xmi:id="_bTHKQGh2EemzivOVBVTQnA" name="Region2">
              <transition xmi:type="uml:Transition" xmi:id="_fucQoGh3EemzivOVBVTQnA" source="_dKNZUGh3EemzivOVBVTQnA" target="_kg0P8Gh2EemzivOVBVTQnA"/>
              <transition xmi:type="uml:Transition" xmi:id="_q0CsEGh3EemzivOVBVTQnA" guard="_ncBx8Gh4EemzivOVBVTQnA" source="_kg0P8Gh2EemzivOVBVTQnA" target="_gdrVMGh3EemzivOVBVTQnA">
                <ownedRule xmi:type="uml:Constraint" xmi:id="_ncBx8Gh4EemzivOVBVTQnA" name="applyForPensionInsurance==true">
                  <specification xmi:type="uml:OpaqueExpression" xmi:id="_ncCZAGh4EemzivOVBVTQnA" name="applyForPensionInsurance==true">
                    <language>Java</language>
                    <body>applyForPensionInsurance==true</body>
                  </specification>
                </ownedRule>
                <effect xmi:type="uml:OpaqueBehavior" xmi:id="_f-gbAGh5EemzivOVBVTQnA" name="custProf.verifyPensionInsApp()">
                  <language>Java</language>
                  <body>custProf.verifyPensionInsApp</body>
                </effect>
              </transition>
              <transition xmi:type="uml:Transition" xmi:id="_spWn4Gh3EemzivOVBVTQnA" source="_gdrVMGh3EemzivOVBVTQnA" target="_jFRCgGh3EemzivOVBVTQnA">
                <trigger xmi:type="uml:Trigger" xmi:id="_MhlvUGh5EemzivOVBVTQnA" name="verifiedPensionInsApp" event="_MIZzQGh5EemzivOVBVTQnA"/>
              </transition>
              <transition xmi:type="uml:Transition" xmi:id="_0APV4Gh3EemzivOVBVTQnA" source="_jFRCgGh3EemzivOVBVTQnA" target="_JPKAIGh3EemzivOVBVTQnA"/>
              <transition xmi:type="uml:Transition" xmi:id="_06IyUGh3EemzivOVBVTQnA" guard="_v3YNoGh4EemzivOVBVTQnA" source="_kg0P8Gh2EemzivOVBVTQnA" target="_JPKAIGh3EemzivOVBVTQnA">
                <ownedRule xmi:type="uml:Constraint" xmi:id="_v3YNoGh4EemzivOVBVTQnA" name="applyForPensionInsurance==false">
                  <specification xmi:type="uml:OpaqueExpression" xmi:id="_v3YNoWh4EemzivOVBVTQnA" name="applyForPensionInsurance==false">
                    <language>Java</language>
                    <body>applyForPensionInsurance==false</body>
                  </specification>
                </ownedRule>
              </transition>
              <subvertex xmi:type="uml:Pseudostate" xmi:id="_kg0P8Gh2EemzivOVBVTQnA" name="Choice2" kind="choice"/>
              <subvertex xmi:type="uml:FinalState" xmi:id="_JPKAIGh3EemzivOVBVTQnA" name="End1-2"/>
              <subvertex xmi:type="uml:Pseudostate" xmi:id="_dKNZUGh3EemzivOVBVTQnA" name="Start1-2"/>
              <subvertex xmi:type="uml:State" xmi:id="_gdrVMGh3EemzivOVBVTQnA" name="PensionAppSent"/>
              <subvertex xmi:type="uml:State" xmi:id="_jFRCgGh3EemzivOVBVTQnA" name="PensionAppVerified"/>
            </region>
            <region xmi:type="uml:Region" xmi:id="_-YUicG1OEeq-ytI2pHwJIg" name="Region3">
              <transition xmi:type="uml:Transition" xmi:id="_hrz94G1SEeq-ytI2pHwJIg" source="_KRvLAG1QEeq-ytI2pHwJIg" target="_eP_pMG1QEeq-ytI2pHwJIg"/>
              <transition xmi:type="uml:Transition" xmi:id="_kCx1QG1SEeq-ytI2pHwJIg" guard="_0ase4G1SEeq-ytI2pHwJIg" source="_eP_pMG1QEeq-ytI2pHwJIg" target="_W-A-cG1SEeq-ytI2pHwJIg">
                <ownedRule xmi:type="uml:Constraint" xmi:id="_0ase4G1SEeq-ytI2pHwJIg" name="applyForLifeInsurance==true">
                  <specification xmi:type="uml:OpaqueExpression" xmi:id="_0ase4W1SEeq-ytI2pHwJIg" name="applyForLifeInsurance==true">
                    <language>JAVA</language>
                    <body>applyForLifeInsurance==true</body>
                  </specification>
                </ownedRule>
                <effect xmi:type="uml:OpaqueBehavior" xmi:id="_XCRW4G1TEeq-ytI2pHwJIg" name="custProf.verifyLifeInsApp()">
                  <language>JAVA</language>
                  <body>custProf.verifyLifeInsApp</body>
                </effect>
              </transition>
              <transition xmi:type="uml:Transition" xmi:id="_30pdQG1SEeq-ytI2pHwJIg" source="_W-A-cG1SEeq-ytI2pHwJIg" target="_cMJQMG1SEeq-ytI2pHwJIg">
                <trigger xmi:type="uml:Trigger" xmi:id="_Vv_aMG1UEeq-ytI2pHwJIg" name="verifiedLifeInsApp" event="_VJUbwG1UEeq-ytI2pHwJIg"/>
              </transition>
              <transition xmi:type="uml:Transition" xmi:id="_axC5QG1UEeq-ytI2pHwJIg" source="_cMJQMG1SEeq-ytI2pHwJIg" target="_YHBjAG1UEeq-ytI2pHwJIg"/>
              <transition xmi:type="uml:Transition" xmi:id="_b_aw4G1UEeq-ytI2pHwJIg" guard="_juBbUG1UEeq-ytI2pHwJIg" source="_eP_pMG1QEeq-ytI2pHwJIg" target="_YHBjAG1UEeq-ytI2pHwJIg">
                <ownedRule xmi:type="uml:Constraint" xmi:id="_juBbUG1UEeq-ytI2pHwJIg" name="applyForLifeInsurance==false">
                  <specification xmi:type="uml:OpaqueExpression" xmi:id="_juBbUW1UEeq-ytI2pHwJIg" name="applyForLifeInsurance==false">
                    <language>JAVA</language>
                    <body>applyForLifeInsurance==false</body>
                  </specification>
                </ownedRule>
              </transition>
              <subvertex xmi:type="uml:Pseudostate" xmi:id="_KRvLAG1QEeq-ytI2pHwJIg" name="Start1-3"/>
              <subvertex xmi:type="uml:Pseudostate" xmi:id="_eP_pMG1QEeq-ytI2pHwJIg" name="Choice3" kind="choice"/>
              <subvertex xmi:type="uml:State" xmi:id="_W-A-cG1SEeq-ytI2pHwJIg" name="LifeAppSent"/>
              <subvertex xmi:type="uml:State" xmi:id="_cMJQMG1SEeq-ytI2pHwJIg" name="LifeAppVerified"/>
              <subvertex xmi:type="uml:FinalState" xmi:id="_YHBjAG1UEeq-ytI2pHwJIg" name="End1-3"/>
            </region>
            <region xmi:type="uml:Region" xmi:id="_GpVg8G1QEeq-ytI2pHwJIg" name="Region4">
              <transition xmi:type="uml:Transition" xmi:id="_2zq2gG1UEeq-ytI2pHwJIg" source="_NjKfgG1QEeq-ytI2pHwJIg" target="_rTtaUG1UEeq-ytI2pHwJIg"/>
              <transition xmi:type="uml:Transition" xmi:id="_3nSEwG1UEeq-ytI2pHwJIg" guard="_B_bkUG1VEeq-ytI2pHwJIg" source="_rTtaUG1UEeq-ytI2pHwJIg" target="_tMh9IG1UEeq-ytI2pHwJIg">
                <ownedRule xmi:type="uml:Constraint" xmi:id="_B_bkUG1VEeq-ytI2pHwJIg" name="applyForFreeAccount==true">
                  <specification xmi:type="uml:OpaqueExpression" xmi:id="_B_bkUW1VEeq-ytI2pHwJIg" name="applyForFreeAccount==true">
                    <language>JAVA</language>
                    <body>applyForFreeAccount==true</body>
                  </specification>
                </ownedRule>
                <effect xmi:type="uml:OpaqueBehavior" xmi:id="_Nd-EMG1VEeq-ytI2pHwJIg" name="custProf.verifyFreeAccountApp()">
                  <language>JAVA</language>
                  <body>custProf.verifyFreeAccountApp</body>
                </effect>
              </transition>
              <transition xmi:type="uml:Transition" xmi:id="_FoDQ0G1VEeq-ytI2pHwJIg" source="_tMh9IG1UEeq-ytI2pHwJIg" target="_wzHpUG1UEeq-ytI2pHwJIg">
                <trigger xmi:type="uml:Trigger" xmi:id="_rQOzEG1VEeq-ytI2pHwJIg" name="verifiedFreeAccountApp" event="_qxWesG1VEeq-ytI2pHwJIg"/>
              </transition>
              <transition xmi:type="uml:Transition" xmi:id="_7zMPEG1VEeq-ytI2pHwJIg" source="_wzHpUG1UEeq-ytI2pHwJIg" target="_3l2r8G1VEeq-ytI2pHwJIg"/>
              <transition xmi:type="uml:Transition" xmi:id="_8uR-UG1VEeq-ytI2pHwJIg" guard="_FKq70G1WEeq-ytI2pHwJIg" source="_rTtaUG1UEeq-ytI2pHwJIg" target="_3l2r8G1VEeq-ytI2pHwJIg">
                <ownedRule xmi:type="uml:Constraint" xmi:id="_FKq70G1WEeq-ytI2pHwJIg" name="applyForFreeAccount==false">
                  <specification xmi:type="uml:OpaqueExpression" xmi:id="_FKq70W1WEeq-ytI2pHwJIg" name="applyForFreeAccount==false">
                    <language>JAVA</language>
                    <body>applyForFreeAccount==false</body>
                  </specification>
                </ownedRule>
              </transition>
              <subvertex xmi:type="uml:Pseudostate" xmi:id="_NjKfgG1QEeq-ytI2pHwJIg" name="Start1-4"/>
              <subvertex xmi:type="uml:Pseudostate" xmi:id="_rTtaUG1UEeq-ytI2pHwJIg" name="Choice4" kind="choice"/>
              <subvertex xmi:type="uml:State" xmi:id="_tMh9IG1UEeq-ytI2pHwJIg" name="FreeAccountAppSent"/>
              <subvertex xmi:type="uml:State" xmi:id="_wzHpUG1UEeq-ytI2pHwJIg" name="FreeAccountAppVerified"/>
              <subvertex xmi:type="uml:FinalState" xmi:id="_3l2r8G1VEeq-ytI2pHwJIg" name="End1-4"/>
            </region>
          </subvertex>
        </region>
      </ownedBehavior>
      <ownedReception xmi:type="uml:Reception" xmi:id="__r-5MGhUEemzivOVBVTQnA" name="verifiedCreditCardApp" signal="_IS32gGhVEemzivOVBVTQnA"/>
      <ownedReception xmi:type="uml:Reception" xmi:id="_Bf7jEGhVEemzivOVBVTQnA" name="verifiedFreeAccountApp" signal="_LFDqQGhVEemzivOVBVTQnA"/>
      <ownedReception xmi:type="uml:Reception" xmi:id="_add7kGn-EemWJdTkdx1Byw" name="verifiedPensionInsApp" signal="_fSqv8Gn-EemWJdTkdx1Byw"/>
      <ownedReception xmi:type="uml:Reception" xmi:id="_DmmiAG1LEeq-ytI2pHwJIg" name="verifiedLifeInsApp" signal="_J1K9EG1LEeq-ytI2pHwJIg"/>
    </packagedElement>
    <packagedElement xmi:type="uml:Association" xmi:id="_MrsQ4GhVEemzivOVBVTQnA" memberEnd="_Mr1a0GhVEemzivOVBVTQnA _Mr2B4GhVEemzivOVBVTQnA">
      <eAnnotations xmi:type="ecore:EAnnotation" xmi:id="_MrzloGhVEemzivOVBVTQnA" source="org.eclipse.papyrus">
        <details xmi:type="ecore:EStringToStringMapEntry" xmi:id="_Mr0MsGhVEemzivOVBVTQnA" key="nature" value="UML_Nature"/>
      </eAnnotations>
    </packagedElement>
    <profileApplication xmi:type="uml:ProfileApplication" xmi:id="_vzhn0GOAEeqMd-onYSsu2g">
      <eAnnotations xmi:type="ecore:EAnnotation" xmi:id="_vzhn0WOAEeqMd-onYSsu2g" source="http://www.eclipse.org/uml2/2.0.0/UML">
        <references xmi:type="ecore:EPackage" href="../UMLFairness/model.profile.uml#_34Z2UL1SEemhV-rmp0ri8g"/>
      </eAnnotations>
      <appliedProfile xmi:type="uml:Profile" href="../UMLFairness/model.profile.uml#_iG61EGzDEemlJ-dlSmJotw"/>
    </profileApplication>
    <profileApplication xmi:type="uml:ProfileApplication" xmi:id="_4uKyIGOBEeqMd-onYSsu2g">
      <eAnnotations xmi:type="ecore:EAnnotation" xmi:id="_4uLZMWOBEeqMd-onYSsu2g" source="http://www.eclipse.org/uml2/2.0.0/UML">
        <references xmi:type="ecore:EPackage" href="http://www.umlsec.de/profiles/UMLsec#/"/>
      </eAnnotations>
      <appliedProfile xmi:type="uml:Profile" href="platform:/plugin/carisma.profile.umlsec/profile/UMLsec.profile.uml#_kGQWQDnkEeCyb9nmG-9Lpw"/>
    </profileApplication>
    <profileApplication xmi:type="uml:ProfileApplication" xmi:id="_4uLZMGOBEeqMd-onYSsu2g">
      <eAnnotations xmi:type="ecore:EAnnotation" xmi:id="_4uMAQGOBEeqMd-onYSsu2g" source="http://www.eclipse.org/uml2/2.0.0/UML">
        <references xmi:type="ecore:EPackage" href="http://www.umlsec.de/profiles/UMLsec/RABAC#/"/>
      </eAnnotations>
      <appliedProfile xmi:type="uml:Profile" href="platform:/plugin/carisma.profile.umlsec.rabac/profile/RABAC.profile.uml#_DhVN4LhMEeSB1MgAxQm9IQ"/>
    </profileApplication>
  </uml:Model>
  <UMLFairness:critical xmi:id="_G0xHsG26EeqANq8BVjvxEg" base_StructuredClassifier="_fDKz8GhUEemzivOVBVTQnA">
    <protectedData>(age, healthy)</protectedData>
  </UMLFairness:critical>
  <UMLFairness:indvidualFairness xmi:id="_W-1ikG26EeqANq8BVjvxEg" base_BehavioredClassifier="_F2VGIGhWEemzivOVBVTQnA">
    <explanatoryData>(goodCreditHistory, (hasFreeAccount))</explanatoryData>
    <sensitiveDecisions>(hasFreeAccount)</sensitiveDecisions>
  </UMLFairness:indvidualFairness>
</xmi:XMI>
