<?xml version="1.0" encoding="UTF-8"?>
<xmi:XMI xmi:version="20131001" xmlns:xmi="http://www.omg.org/spec/XMI/20131001" xmlns:xsi="http://www.w3.org/2001/XMLSchema-instance" xmlns:UMLFairness="http://koblenz.de/umlfair/2020/1.0" xmlns:ecore="http://www.eclipse.org/emf/2002/Ecore" xmlns:uml="http://www.eclipse.org/uml2/5.0.0/UML" xsi:schemaLocation="http://koblenz.de/umlfair/2020/1.0 ../UMLFairness/model.profile.uml#_34Z2UL1SEemhV-rmp0ri8g">
  <uml:Model xmi:id="__MIOQJbUEemWSbyqc1bPkA" name="amazon">
    <packagedElement xmi:type="uml:Class" xmi:id="_K8hTIJbVEemWSbyqc1bPkA" name="CustomerProfile" classifierBehavior="_av42gJbbEemWSbyqc1bPkA">
      <ownedAttribute xmi:type="uml:Property" xmi:id="_XBoDwJbVEemWSbyqc1bPkA" name="primeCustomer" isStatic="true" type="__6n2gJbVEemWSbyqc1bPkA"/>
      <ownedAttribute xmi:type="uml:Property" xmi:id="_MVVDsJbWEemWSbyqc1bPkA" name="zipCode" isStatic="true" type="_GhUdsJbWEemWSbyqc1bPkA"/>
      <ownedAttribute xmi:type="uml:Property" xmi:id="_fbDXYJbWEemWSbyqc1bPkA" name="totalPriceOfItems" isStatic="true" type="_GhUdsJbWEemWSbyqc1bPkA"/>
      <ownedAttribute xmi:type="uml:Property" xmi:id="_fAshMJbXEemWSbyqc1bPkA" name="freeDelivery" isStatic="true" type="__6n2gJbVEemWSbyqc1bPkA"/>
      <ownedAttribute xmi:type="uml:Property" xmi:id="_MdxjIJbYEemWSbyqc1bPkA" name="cust" type="_M1bVgJbVEemWSbyqc1bPkA" association="_MdsDkJbYEemWSbyqc1bPkA"/>
      <ownedBehavior xmi:type="uml:StateMachine" xmi:id="_av42gJbbEemWSbyqc1bPkA" name="CustomerProfileStateMachine">
        <region xmi:type="uml:Region" xmi:id="_cNAUwJbbEemWSbyqc1bPkA" name="Region1">
          <transition xmi:type="uml:Transition" xmi:id="_m6OscJbbEemWSbyqc1bPkA" source="_goPJ8JbbEemWSbyqc1bPkA" target="_hipjwJbbEemWSbyqc1bPkA"/>
          <transition xmi:type="uml:Transition" xmi:id="_aOqjUJbcEemWSbyqc1bPkA" source="_hipjwJbbEemWSbyqc1bPkA" target="_stOl0JbbEemWSbyqc1bPkA">
            <trigger xmi:type="uml:Trigger" xmi:id="_Sdl24JbgEemWSbyqc1bPkA" name="pay()" event="_R-F3cJbgEemWSbyqc1bPkA"/>
          </transition>
          <transition xmi:type="uml:Transition" xmi:id="_YGG-kJbgEemWSbyqc1bPkA" source="_stOl0JbbEemWSbyqc1bPkA" target="_hipjwJbbEemWSbyqc1bPkA">
            <effect xmi:type="uml:OpaqueBehavior" xmi:id="_gcFyEJbgEemWSbyqc1bPkA" name="cust.transactionCompleted">
              <language>JAVA</language>
              <body>cust.transactionCompleted</body>
            </effect>
          </transition>
          <transition xmi:type="uml:Transition" xmi:id="_jVircJbgEemWSbyqc1bPkA" source="_hipjwJbbEemWSbyqc1bPkA" target="_h5_6gJbgEemWSbyqc1bPkA">
            <trigger xmi:type="uml:Trigger" xmi:id="_qJ4GAJbgEemWSbyqc1bPkA" name="done" event="_ppeusJbgEemWSbyqc1bPkA"/>
          </transition>
          <subvertex xmi:type="uml:Pseudostate" xmi:id="_goPJ8JbbEemWSbyqc1bPkA" name="Initial1"/>
          <subvertex xmi:type="uml:State" xmi:id="_hipjwJbbEemWSbyqc1bPkA" name="WaitForRequest"/>
          <subvertex xmi:type="uml:State" xmi:id="_stOl0JbbEemWSbyqc1bPkA" name="PaymentStateMachine">
            <region xmi:type="uml:Region" xmi:id="_vrGsMJbbEemWSbyqc1bPkA" name="Region1">
              <transition xmi:type="uml:Transition" xmi:id="_GcCGUJbcEemWSbyqc1bPkA" source="_vrMy0JbbEemWSbyqc1bPkA" target="_zOPbwJbbEemWSbyqc1bPkA"/>
              <transition xmi:type="uml:Transition" xmi:id="_uv8PAJbcEemWSbyqc1bPkA" guard="_gB4psJbdEemWSbyqc1bPkA" source="_zOPbwJbbEemWSbyqc1bPkA" target="_dJWy0JbcEemWSbyqc1bPkA">
                <ownedRule xmi:type="uml:Constraint" xmi:id="_gB4psJbdEemWSbyqc1bPkA" name="primeCustomer==true &amp;&amp; totalPriceOfItems >=35 &amp;&amp; zipCode>=56072">
                  <specification xmi:type="uml:OpaqueExpression" xmi:id="_gB4psZbdEemWSbyqc1bPkA" name="primeCustomer==true &amp;&amp; totalPriceOfItems >=35 &amp;&amp; zipCode>=56072">
                    <language>JAVA</language>
                    <body>primeCustomer==true &amp;&amp; totalPriceOfItems >=35 &amp;&amp; zipCode>=56072</body>
                  </specification>
                </ownedRule>
                <effect xmi:type="uml:OpaqueBehavior" xmi:id="_0lwWYJbdEemWSbyqc1bPkA" name="freeDelivery=true; ">
                  <language>JAVA</language>
                  <body>freeDelivery=true;&#xD;
</body>
                </effect>
              </transition>
              <transition xmi:type="uml:Transition" xmi:id="_W2tBoJbfEemWSbyqc1bPkA" guard="_b8hE4JbfEemWSbyqc1bPkA" source="_zOPbwJbbEemWSbyqc1bPkA" target="_I9nK4JbfEemWSbyqc1bPkA">
                <ownedRule xmi:type="uml:Constraint" xmi:id="_b8hE4JbfEemWSbyqc1bPkA" name="else">
                  <specification xmi:type="uml:OpaqueExpression" xmi:id="_b8hE4ZbfEemWSbyqc1bPkA" name="else">
                    <language>JAVA</language>
                    <body>else</body>
                  </specification>
                </ownedRule>
                <effect xmi:type="uml:OpaqueBehavior" xmi:id="_mxfqYJbfEemWSbyqc1bPkA" name="freeDelivery=false; totalPriceOfItems=+5;">
                  <language>JAVA</language>
                  <body>freeDelivery=false;&#xD;
totalPriceOfItems=+5;</body>
                </effect>
              </transition>
              <transition xmi:type="uml:Transition" xmi:id="_pSC7kJbfEemWSbyqc1bPkA" source="_dJWy0JbcEemWSbyqc1bPkA" target="_2gdvkJbdEemWSbyqc1bPkA"/>
              <transition xmi:type="uml:Transition" xmi:id="_qAnRwJbfEemWSbyqc1bPkA" source="_I9nK4JbfEemWSbyqc1bPkA" target="_2gdvkJbdEemWSbyqc1bPkA"/>
              <subvertex xmi:type="uml:Pseudostate" xmi:id="_vrMy0JbbEemWSbyqc1bPkA" name="Initial1"/>
              <subvertex xmi:type="uml:State" xmi:id="_zOPbwJbbEemWSbyqc1bPkA" name="addingDeliveryCost"/>
              <subvertex xmi:type="uml:State" xmi:id="_dJWy0JbcEemWSbyqc1bPkA" name="PaidWithoutDeliveryCost"/>
              <subvertex xmi:type="uml:FinalState" xmi:id="_2gdvkJbdEemWSbyqc1bPkA" name="FinalState1"/>
              <subvertex xmi:type="uml:State" xmi:id="_I9nK4JbfEemWSbyqc1bPkA" name="PaidWithDeliveryCost"/>
            </region>
          </subvertex>
          <subvertex xmi:type="uml:FinalState" xmi:id="_h5_6gJbgEemWSbyqc1bPkA" name="FinalState1"/>
        </region>
      </ownedBehavior>
      <ownedOperation xmi:type="uml:Operation" xmi:id="_siG3wJbXEemWSbyqc1bPkA" name="pay"/>
      <ownedReception xmi:type="uml:Reception" xmi:id="__3fYEJbXEemWSbyqc1bPkA" name="done" signal="_5P5jkJbYEemWSbyqc1bPkA"/>
    </packagedElement>
    <packagedElement xmi:type="uml:Class" xmi:id="_M1bVgJbVEemWSbyqc1bPkA" name="Customer" classifierBehavior="_RoSqwJbZEemWSbyqc1bPkA">
      <ownedAttribute xmi:type="uml:Property" xmi:id="_UVWY0JbXEemWSbyqc1bPkA" name="proceedToPayment" isStatic="true" type="__6n2gJbVEemWSbyqc1bPkA"/>
      <ownedAttribute xmi:type="uml:Property" xmi:id="_MdyKMJbYEemWSbyqc1bPkA" name="custProf" type="_K8hTIJbVEemWSbyqc1bPkA" association="_MdsDkJbYEemWSbyqc1bPkA"/>
      <ownedBehavior xmi:type="uml:StateMachine" xmi:id="_RoSqwJbZEemWSbyqc1bPkA" name="CustomerStateMachine">
        <region xmi:type="uml:Region" xmi:id="_UDwnoJbZEemWSbyqc1bPkA" name="Region1">
          <transition xmi:type="uml:Transition" xmi:id="_y_QPcJbZEemWSbyqc1bPkA" source="_kTdwcJbZEemWSbyqc1bPkA" target="_uRKIoJbZEemWSbyqc1bPkA"/>
          <transition xmi:type="uml:Transition" xmi:id="_0NyfIJbZEemWSbyqc1bPkA" source="_jGHzkJbZEemWSbyqc1bPkA" target="_kTdwcJbZEemWSbyqc1bPkA"/>
          <transition xmi:type="uml:Transition" xmi:id="_AmLYIJbaEemWSbyqc1bPkA" guard="_caS_UJbaEemWSbyqc1bPkA" source="_uRKIoJbZEemWSbyqc1bPkA" target="_9l3BwJbZEemWSbyqc1bPkA">
            <ownedRule xmi:type="uml:Constraint" xmi:id="_caS_UJbaEemWSbyqc1bPkA" name="else">
              <specification xmi:type="uml:OpaqueExpression" xmi:id="_caS_UZbaEemWSbyqc1bPkA" name="else">
                <language>JAVA</language>
                <body>else</body>
              </specification>
            </ownedRule>
            <effect xmi:type="uml:OpaqueBehavior" xmi:id="_VI9qQJbbEemWSbyqc1bPkA" name="custProf.done">
              <language>JAVA</language>
              <body>custProf.done</body>
            </effect>
          </transition>
          <transition xmi:type="uml:Transition" xmi:id="_GXB8cJbaEemWSbyqc1bPkA" source="_5mkhsJbZEemWSbyqc1bPkA" target="_9l3BwJbZEemWSbyqc1bPkA">
            <effect xmi:type="uml:OpaqueBehavior" xmi:id="_QG9I8JbbEemWSbyqc1bPkA" name="cust.done">
              <language>JAVA</language>
              <body>custProf.done</body>
            </effect>
            <trigger xmi:type="uml:Trigger" xmi:id="_JOdAEJbbEemWSbyqc1bPkA" name="transactionCompleted" event="_IwZyIJbbEemWSbyqc1bPkA"/>
          </transition>
          <transition xmi:type="uml:Transition" xmi:id="_IUcrYJbaEemWSbyqc1bPkA" guard="_XMk9QJbaEemWSbyqc1bPkA" source="_uRKIoJbZEemWSbyqc1bPkA" target="_5mkhsJbZEemWSbyqc1bPkA">
            <ownedRule xmi:type="uml:Constraint" xmi:id="_XMk9QJbaEemWSbyqc1bPkA" name="proceedToPayment==true">
              <specification xmi:type="uml:OpaqueExpression" xmi:id="_XMk9QZbaEemWSbyqc1bPkA" name="proceedToPayment==true">
                <language>JAVA</language>
                <body>proceedToPayment==true</body>
              </specification>
            </ownedRule>
            <effect xmi:type="uml:OpaqueBehavior" xmi:id="_yXyxYJbaEemWSbyqc1bPkA" name="custProf.pay()">
              <language>JAVA</language>
              <body>custProf.pay()</body>
            </effect>
          </transition>
          <subvertex xmi:type="uml:Pseudostate" xmi:id="_jGHzkJbZEemWSbyqc1bPkA" name="Initial1"/>
          <subvertex xmi:type="uml:State" xmi:id="_kTdwcJbZEemWSbyqc1bPkA" name="ChoiceEntry"/>
          <subvertex xmi:type="uml:Pseudostate" xmi:id="_uRKIoJbZEemWSbyqc1bPkA" name="proceedToPayment?" kind="choice"/>
          <subvertex xmi:type="uml:State" xmi:id="_5mkhsJbZEemWSbyqc1bPkA" name="PaymentRequestSent"/>
          <subvertex xmi:type="uml:FinalState" xmi:id="_9l3BwJbZEemWSbyqc1bPkA" name="FinalState1"/>
        </region>
      </ownedBehavior>
      <ownedReception xmi:type="uml:Reception" xmi:id="_3VkaUJbXEemWSbyqc1bPkA" name="transactionCompleted" signal="_-Q6mYJbYEemWSbyqc1bPkA"/>
    </packagedElement>
    <packagedElement xmi:type="uml:Package" xmi:id="_rt0mAJbVEemWSbyqc1bPkA" name="signals">
      <packagedElement xmi:type="uml:Signal" xmi:id="_5P5jkJbYEemWSbyqc1bPkA" name="done"/>
      <packagedElement xmi:type="uml:Signal" xmi:id="_-Q6mYJbYEemWSbyqc1bPkA" name="transactionCompleted"/>
    </packagedElement>
    <packagedElement xmi:type="uml:Package" xmi:id="_vNubYJbVEemWSbyqc1bPkA" name="events">
      <packagedElement xmi:type="uml:SignalEvent" xmi:id="_IwZyIJbbEemWSbyqc1bPkA" name="transactionCompleted" signal="_-Q6mYJbYEemWSbyqc1bPkA"/>
      <packagedElement xmi:type="uml:CallEvent" xmi:id="_R-F3cJbgEemWSbyqc1bPkA" name="pay()" operation="_siG3wJbXEemWSbyqc1bPkA"/>
      <packagedElement xmi:type="uml:SignalEvent" xmi:id="_ppeusJbgEemWSbyqc1bPkA" name="done" signal="_5P5jkJbYEemWSbyqc1bPkA"/>
    </packagedElement>
    <packagedElement xmi:type="uml:Package" xmi:id="_xu2UUJbVEemWSbyqc1bPkA" name="dataTypes">
      <packagedElement xmi:type="uml:DataType" xmi:id="__6n2gJbVEemWSbyqc1bPkA" name="boolean"/>
      <packagedElement xmi:type="uml:DataType" xmi:id="_GhUdsJbWEemWSbyqc1bPkA" name="int"/>
    </packagedElement>
    <packagedElement xmi:type="uml:Association" xmi:id="_MdsDkJbYEemWSbyqc1bPkA" memberEnd="_MdxjIJbYEemWSbyqc1bPkA _MdyKMJbYEemWSbyqc1bPkA">
      <eAnnotations xmi:type="ecore:EAnnotation" xmi:id="_MdvG4JbYEemWSbyqc1bPkA" source="org.eclipse.papyrus">
        <details xmi:type="ecore:EStringToStringMapEntry" xmi:id="_Mdvt8JbYEemWSbyqc1bPkA" key="nature" value="UML_Nature"/>
      </eAnnotations>
    </packagedElement>
    <profileApplication xmi:type="uml:ProfileApplication" xmi:id="_5bJGAL6zEem1IKh7ty8TwA">
      <eAnnotations xmi:type="ecore:EAnnotation" xmi:id="_5bMwYL6zEem1IKh7ty8TwA" source="http://www.eclipse.org/uml2/2.0.0/UML">
        <references xmi:type="ecore:EPackage" href="../UMLFairness/model.profile.uml#_34Z2UL1SEemhV-rmp0ri8g"/>
      </eAnnotations>
      <appliedProfile xmi:type="uml:Profile" href="../UMLFairness/model.profile.uml#_iG61EGzDEemlJ-dlSmJotw"/>
    </profileApplication>
  </uml:Model>
  <UMLFairness:critical xmi:id="__H0U8L6zEem1IKh7ty8TwA" base_StructuredClassifier="_K8hTIJbVEemWSbyqc1bPkA">
    <protectedData>(ethnicity)</protectedData>
  </UMLFairness:critical>
  <UMLFairness:indvidualFairness xmi:id="_WK_8sL60Eem1IKh7ty8TwA" base_BehavioredClassifier="_av42gJbbEemWSbyqc1bPkA" threshold="0.6" metric="(conditionalEntropy)">
    <explanatoryData>((primeCustomer, (freeDelivery))</explanatoryData>
    <sensitiveDecisions>(freeDelivery)</sensitiveDecisions>
  </UMLFairness:indvidualFairness>
</xmi:XMI>
