<?xml version="1.0" encoding="UTF-8"?>
<xmi:XMI xmi:version="20131001" xmlns:xmi="http://www.omg.org/spec/XMI/20131001" xmlns:xsi="http://www.w3.org/2001/XMLSchema-instance" xmlns:UMLFairness="http://koblenz.de/umlfair/2020/1.0" xmlns:ecore="http://www.eclipse.org/emf/2002/Ecore" xmlns:uml="http://www.eclipse.org/uml2/5.0.0/UML" xsi:schemaLocation="http://koblenz.de/umlfair/2020/1.0 ../UMLFairness/model.profile.uml#_34Z2UL1SEemhV-rmp0ri8g">
  <uml:Model xmi:id="_2TSJIKaJEempydsPnNa-2w" name="loanSystem">
    <packageImport xmi:type="uml:PackageImport" xmi:id="_2VOC0KaJEempydsPnNa-2w">
      <importedPackage xmi:type="uml:Model" href="pathmap://UML_LIBRARIES/UMLPrimitiveTypes.library.uml#_0"/>
    </packageImport>
    <packagedElement xmi:type="uml:Class" xmi:id="_9p8NoKaJEempydsPnNa-2w" name="LoanRequest" classifierBehavior="_wncVwKaLEempydsPnNa-2w">
      <ownedAttribute xmi:type="uml:Property" xmi:id="_54rtEKaKEempydsPnNa-2w" name="appStatus" isStatic="true" type="_L5IawKaLEempydsPnNa-2w"/>
      <ownedAttribute xmi:type="uml:Property" xmi:id="_XWkHYKaLEempydsPnNa-2w" name="loanproposal" type="_ABPcMKaKEempydsPnNa-2w" association="_XWeAwKaLEempydsPnNa-2w"/>
      <ownedAttribute xmi:type="uml:Property" xmi:id="_LN2P0KaQEempydsPnNa-2w" name="saving" isStatic="true" type="_Rhms4KaQEempydsPnNa-2w"/>
      <ownedAttribute xmi:type="uml:Property" xmi:id="_MXfYcKaQEempydsPnNa-2w" name="creditHistoryStatus" isStatic="true" type="_L5IawKaLEempydsPnNa-2w"/>
      <ownedBehavior xmi:type="uml:StateMachine" xmi:id="_wncVwKaLEempydsPnNa-2w" name="LoanRequestBehavior">
        <region xmi:type="uml:Region" xmi:id="_y2K3IKaLEempydsPnNa-2w" name="Region1">
          <transition xmi:type="uml:Transition" xmi:id="_eCceoKaNEempydsPnNa-2w" source="_FtnBwKaNEempydsPnNa-2w" target="_GY4BwKaMEempydsPnNa-2w"/>
          <transition xmi:type="uml:Transition" xmi:id="_g3q_UKaNEempydsPnNa-2w" guard="_Gdp3QKaQEempydsPnNa-2w" source="_GY4BwKaMEempydsPnNa-2w" target="_70WdoKaMEempydsPnNa-2w">
            <ownedRule xmi:type="uml:Constraint" xmi:id="_Gdp3QKaQEempydsPnNa-2w" name="saving>=1000 &amp;&amp; creditHistoryStatus==true">
              <specification xmi:type="uml:OpaqueExpression" xmi:id="_Gdp3QaaQEempydsPnNa-2w" name="saving>=1000 &amp;&amp; creditHistoryStatus==true">
                <language>JAVA</language>
                <body>saving>=1000 &amp;&amp; creditHistoryStatus==true</body>
              </specification>
            </ownedRule>
            <effect xmi:type="uml:OpaqueBehavior" xmi:id="_llvLEKe4Eemta_tRQfvjTg" name="loanproposal.loanRequestAccepted">
              <language>JAVA</language>
              <body>loanproposal.loanRequestAccepted</body>
            </effect>
          </transition>
          <transition xmi:type="uml:Transition" xmi:id="_wv9GoKaNEempydsPnNa-2w" guard="_iHzqIKaQEempydsPnNa-2w" source="_GY4BwKaMEempydsPnNa-2w" target="_q0xhoKaNEempydsPnNa-2w">
            <ownedRule xmi:type="uml:Constraint" xmi:id="_iHzqIKaQEempydsPnNa-2w" name="else">
              <specification xmi:type="uml:OpaqueExpression" xmi:id="_iHzqIaaQEempydsPnNa-2w" name="else">
                <language>JAVA</language>
                <body>else</body>
              </specification>
            </ownedRule>
            <effect xmi:type="uml:OpaqueBehavior" xmi:id="_zjopUKe4Eemta_tRQfvjTg" name="loanproposal.loanRequestDeclined">
              <language>JAVA</language>
              <body>loanproposal.loanRequestDeclined</body>
            </effect>
          </transition>
          <transition xmi:type="uml:Transition" xmi:id="_BUNmsKbcEem-U6zCymrlWA" source="_70WdoKaMEempydsPnNa-2w" target="_-VTiAKaNEempydsPnNa-2w">
            <effect xmi:type="uml:OpaqueBehavior" xmi:id="_OjLiYKbcEem-U6zCymrlWA" name="loanproposal.verifyProposal()">
              <language>JAVA</language>
              <body>loanproposal.verifyProposal()</body>
            </effect>
          </transition>
          <transition xmi:type="uml:Transition" xmi:id="_CS-VAKbcEem-U6zCymrlWA" source="_q0xhoKaNEempydsPnNa-2w" target="_-VTiAKaNEempydsPnNa-2w"/>
          <subvertex xmi:type="uml:State" xmi:id="_GY4BwKaMEempydsPnNa-2w" name="Submitted"/>
          <subvertex xmi:type="uml:State" xmi:id="_70WdoKaMEempydsPnNa-2w" name="Accepted"/>
          <subvertex xmi:type="uml:Pseudostate" xmi:id="_FtnBwKaNEempydsPnNa-2w" name="Initial1"/>
          <subvertex xmi:type="uml:State" xmi:id="_q0xhoKaNEempydsPnNa-2w" name="Declined"/>
          <subvertex xmi:type="uml:FinalState" xmi:id="_-VTiAKaNEempydsPnNa-2w" name="FinalState1"/>
        </region>
      </ownedBehavior>
    </packagedElement>
    <packagedElement xmi:type="uml:Class" xmi:id="_ABPcMKaKEempydsPnNa-2w" name="LoanProposal" classifierBehavior="_2Jj-EKbZEem-U6zCymrlWA">
      <ownedAttribute xmi:type="uml:Property" xmi:id="_XWkHYaaLEempydsPnNa-2w" name="loanrequest" type="_9p8NoKaJEempydsPnNa-2w" association="_XWeAwKaLEempydsPnNa-2w"/>
      <ownedBehavior xmi:type="uml:StateMachine" xmi:id="_2Jj-EKbZEem-U6zCymrlWA" name="LoanPropsalBehavior">
        <region xmi:type="uml:Region" xmi:id="_45g9MKbZEem-U6zCymrlWA" name="Region1">
          <transition xmi:type="uml:Transition" xmi:id="_RDIBgKbaEem-U6zCymrlWA" source="_8wf10KbZEem-U6zCymrlWA" target="_9wkywKbZEem-U6zCymrlWA"/>
          <transition xmi:type="uml:Transition" xmi:id="_S5wL8KbaEem-U6zCymrlWA" source="_9wkywKbZEem-U6zCymrlWA" target="_CDojYKbaEem-U6zCymrlWA">
            <effect xmi:type="uml:OpaqueBehavior" xmi:id="_idZ_sKbdEem-U6zCymrlWA" name="riskAnalysis()">
              <language>JAVA</language>
              <body>riskAnalysis()</body>
            </effect>
            <trigger xmi:type="uml:Trigger" xmi:id="_-7KhIKbaEem-U6zCymrlWA" name="loanRequestAccepted" event="_84HrUKbaEem-U6zCymrlWA"/>
          </transition>
          <transition xmi:type="uml:Transition" xmi:id="_UcrXQKbaEem-U6zCymrlWA" source="_CDojYKbaEem-U6zCymrlWA" target="_IFVAEKbaEem-U6zCymrlWA">
            <trigger xmi:type="uml:Trigger" xmi:id="_-8cUoKe4Eemta_tRQfvjTg" name="verifyProposal()" event="_9f43EKe4Eemta_tRQfvjTg"/>
          </transition>
          <transition xmi:type="uml:Transition" xmi:id="_Wrle0KbaEem-U6zCymrlWA" source="_IFVAEKbaEem-U6zCymrlWA" target="_O3EZoKbaEem-U6zCymrlWA"/>
          <transition xmi:type="uml:Transition" xmi:id="_TaR0MKbcEem-U6zCymrlWA" source="_9wkywKbZEem-U6zCymrlWA" target="_O3EZoKbaEem-U6zCymrlWA">
            <trigger xmi:type="uml:Trigger" xmi:id="_xW5Y8KbcEem-U6zCymrlWA" name="loanRequestDeclined" event="_w3rGUKbcEem-U6zCymrlWA"/>
          </transition>
          <subvertex xmi:type="uml:Pseudostate" xmi:id="_8wf10KbZEem-U6zCymrlWA" name="Initial1"/>
          <subvertex xmi:type="uml:State" xmi:id="_9wkywKbZEem-U6zCymrlWA" name="Idle"/>
          <subvertex xmi:type="uml:State" xmi:id="_CDojYKbaEem-U6zCymrlWA" name="ProposalCreated"/>
          <subvertex xmi:type="uml:State" xmi:id="_IFVAEKbaEem-U6zCymrlWA" name="ProposalVerified"/>
          <subvertex xmi:type="uml:FinalState" xmi:id="_O3EZoKbaEem-U6zCymrlWA" name="FinalState1"/>
        </region>
      </ownedBehavior>
      <ownedOperation xmi:type="uml:Operation" xmi:id="_ir988KbZEem-U6zCymrlWA" name="riskAnalysis"/>
      <ownedOperation xmi:type="uml:Operation" xmi:id="_cY6YkKbbEem-U6zCymrlWA" name="verifyProposal"/>
      <ownedReception xmi:type="uml:Reception" xmi:id="_rKJqMKbZEem-U6zCymrlWA" name="loanRequestAccepted" signal="_mRXg4KbaEem-U6zCymrlWA"/>
      <ownedReception xmi:type="uml:Reception" xmi:id="_Zth68KbcEem-U6zCymrlWA" name="loanRequestDeclined" signal="_pq26UKbcEem-U6zCymrlWA"/>
    </packagedElement>
    <packagedElement xmi:type="uml:Package" xmi:id="_DgTuoKaLEempydsPnNa-2w" name="dataTyoe">
      <packagedElement xmi:type="uml:DataType" xmi:id="_L5IawKaLEempydsPnNa-2w" name="boolean"/>
      <packagedElement xmi:type="uml:DataType" xmi:id="_Rhms4KaQEempydsPnNa-2w" name="int"/>
    </packagedElement>
    <packagedElement xmi:type="uml:Association" xmi:id="_XWeAwKaLEempydsPnNa-2w" memberEnd="_XWkHYKaLEempydsPnNa-2w _XWkHYaaLEempydsPnNa-2w">
      <eAnnotations xmi:type="ecore:EAnnotation" xmi:id="_XWhrIKaLEempydsPnNa-2w" source="org.eclipse.papyrus">
        <details xmi:type="ecore:EStringToStringMapEntry" xmi:id="_XWiSMKaLEempydsPnNa-2w" key="nature" value="UML_Nature"/>
      </eAnnotations>
    </packagedElement>
    <packagedElement xmi:type="uml:Package" xmi:id="_G50EoKbZEem-U6zCymrlWA" name="signals">
      <packagedElement xmi:type="uml:Signal" xmi:id="_mRXg4KbaEem-U6zCymrlWA" name="loanRequestAccepted"/>
      <packagedElement xmi:type="uml:Signal" xmi:id="_pq26UKbcEem-U6zCymrlWA" name="loanRequestDeclined"/>
    </packagedElement>
    <packagedElement xmi:type="uml:Package" xmi:id="_KnhsgKbZEem-U6zCymrlWA" name="events">
      <packagedElement xmi:type="uml:SignalEvent" xmi:id="_84HrUKbaEem-U6zCymrlWA" name="loanRequestAccepted" signal="_mRXg4KbaEem-U6zCymrlWA"/>
      <packagedElement xmi:type="uml:SignalEvent" xmi:id="_w3rGUKbcEem-U6zCymrlWA" name="loanRequestDeclined" signal="_pq26UKbcEem-U6zCymrlWA"/>
      <packagedElement xmi:type="uml:CallEvent" xmi:id="_9f43EKe4Eemta_tRQfvjTg" name="verifyProposal()" operation="_cY6YkKbbEem-U6zCymrlWA"/>
    </packagedElement>
    <profileApplication xmi:type="uml:ProfileApplication" xmi:id="_vHlnAL69Eem1IKh7ty8TwA">
      <eAnnotations xmi:type="ecore:EAnnotation" xmi:id="_vHm1IL69Eem1IKh7ty8TwA" source="http://www.eclipse.org/uml2/2.0.0/UML">
        <references xmi:type="ecore:EPackage" href="../UMLFairness/model.profile.uml#_34Z2UL1SEemhV-rmp0ri8g"/>
      </eAnnotations>
      <appliedProfile xmi:type="uml:Profile" href="../UMLFairness/model.profile.uml#_iG61EGzDEemlJ-dlSmJotw"/>
    </profileApplication>
  </uml:Model>
  <UMLFairness:critical xmi:id="_yBl6AL69Eem1IKh7ty8TwA" base_StructuredClassifier="_9p8NoKaJEempydsPnNa-2w">
    <protectedData>(gender, age, citizenship)</protectedData>
  </UMLFairness:critical>
  <UMLFairness:indvidualFairness xmi:id="_Au5NMISFEeqP5_n3XyOQcQ" base_BehavioredClassifier="_wncVwKaLEempydsPnNa-2w" threshold="0.6" metric="(conditionalEntropy)">
    <sensitiveDecisions>(riskAnalysis())</sensitiveDecisions>
  </UMLFairness:indvidualFairness>
</xmi:XMI>
